"PERIODE";"IAS_lissé"
2009-01-01;NA
2009-01-02;NA
2009-01-03;NA
2009-01-04;NA
2009-01-05;NA
2009-01-06;NA
2009-01-07;NA
2009-01-08;NA
2009-01-09;NA
2009-01-10;NA
2009-01-11;NA
2009-01-12;NA
2009-01-13;NA
2009-01-14;NA
2009-01-15;NA
2009-01-16;NA
2009-01-17;NA
2009-01-18;NA
2009-01-19;NA
2009-01-20;NA
2009-01-21;NA
2009-01-22;NA
2009-01-23;NA
2009-01-24;NA
2009-01-25;NA
2009-01-26;NA
2009-01-27;NA
2009-01-28;NA
2009-01-29;NA
2009-01-30;NA
2009-01-31;NA
2009-02-01;NA
2009-02-02;NA
2009-02-03;NA
2009-02-04;NA
2009-02-05;NA
2009-02-06;NA
2009-02-07;NA
2009-02-08;NA
2009-02-09;NA
2009-02-10;NA
2009-02-11;NA
2009-02-12;NA
2009-02-13;NA
2009-02-14;NA
2009-02-15;NA
2009-02-16;NA
2009-02-17;NA
2009-02-18;NA
2009-02-19;NA
2009-02-20;NA
2009-02-21;NA
2009-02-22;NA
2009-02-23;NA
2009-02-24;NA
2009-02-25;NA
2009-02-26;NA
2009-02-27;NA
2009-02-28;NA
2009-03-01;NA
2009-03-02;NA
2009-03-03;NA
2009-03-04;NA
2009-03-05;NA
2009-03-06;NA
2009-03-07;NA
2009-03-08;NA
2009-03-09;NA
2009-03-10;NA
2009-03-11;NA
2009-03-12;NA
2009-03-13;NA
2009-03-14;NA
2009-03-15;NA
2009-03-16;NA
2009-03-17;NA
2009-03-18;NA
2009-03-19;NA
2009-03-20;NA
2009-03-21;NA
2009-03-22;NA
2009-03-23;NA
2009-03-24;NA
2009-03-25;NA
2009-03-26;NA
2009-03-27;NA
2009-03-28;NA
2009-03-29;NA
2009-03-30;NA
2009-03-31;NA
2009-04-01;NA
2009-04-02;NA
2009-04-03;NA
2009-04-04;NA
2009-04-05;NA
2009-04-06;NA
2009-04-07;NA
2009-04-08;NA
2009-04-09;NA
2009-04-10;NA
2009-04-11;NA
2009-04-12;NA
2009-04-13;NA
2009-04-14;NA
2009-04-15;NA
2009-04-16;NA
2009-04-17;NA
2009-04-18;NA
2009-04-19;NA
2009-04-20;NA
2009-04-21;NA
2009-04-22;NA
2009-04-23;NA
2009-04-24;NA
2009-04-25;NA
2009-04-26;NA
2009-04-27;NA
2009-04-28;NA
2009-04-29;NA
2009-04-30;NA
2009-05-01;NA
2009-05-02;NA
2009-05-03;NA
2009-05-04;NA
2009-05-05;NA
2009-05-06;NA
2009-05-07;NA
2009-05-08;NA
2009-05-09;NA
2009-05-10;NA
2009-05-11;NA
2009-05-12;NA
2009-05-13;NA
2009-05-14;NA
2009-05-15;NA
2009-05-16;NA
2009-05-17;NA
2009-05-18;NA
2009-05-19;NA
2009-05-20;NA
2009-05-21;NA
2009-05-22;NA
2009-05-23;NA
2009-05-24;NA
2009-05-25;NA
2009-05-26;NA
2009-05-27;NA
2009-05-28;NA
2009-05-29;NA
2009-05-30;NA
2009-05-31;NA
2009-06-01;NA
2009-06-02;NA
2009-06-03;NA
2009-06-04;NA
2009-06-05;NA
2009-06-06;NA
2009-06-07;NA
2009-06-08;NA
2009-06-09;NA
2009-06-10;NA
2009-06-11;NA
2009-06-12;NA
2009-06-13;NA
2009-06-14;NA
2009-06-15;NA
2009-06-16;NA
2009-06-17;NA
2009-06-18;NA
2009-06-19;NA
2009-06-20;NA
2009-06-21;NA
2009-06-22;NA
2009-06-23;NA
2009-06-24;NA
2009-06-25;NA
2009-06-26;NA
2009-06-27;NA
2009-06-28;NA
2009-06-29;NA
2009-06-30;NA
2009-07-01;103
2009-07-02;104
2009-07-03;105
2009-07-04;106
2009-07-05;107
2009-07-06;109
2009-07-07;110
2009-07-08;111
2009-07-09;112
2009-07-10;113
2009-07-11;113
2009-07-12;114
2009-07-13;114
2009-07-14;115
2009-07-15;114
2009-07-16;113
2009-07-17;112
2009-07-18;111
2009-07-19;110
2009-07-20;110
2009-07-21;110
2009-07-22;110
2009-07-23;110
2009-07-24;110
2009-07-25;109
2009-07-26;109
2009-07-27;109
2009-07-28;108
2009-07-29;108
2009-07-30;108
2009-07-31;108
2009-08-01;107
2009-08-02;107
2009-08-03;106
2009-08-04;107
2009-08-05;107
2009-08-06;107
2009-08-07;107
2009-08-08;107
2009-08-09;107
2009-08-10;107
2009-08-11;108
2009-08-12;109
2009-08-13;109
2009-08-14;109
2009-08-15;108
2009-08-16;108
2009-08-17;108
2009-08-18;108
2009-08-19;107
2009-08-20;107
2009-08-21;106
2009-08-22;105
2009-08-23;105
2009-08-24;105
2009-08-25;104
2009-08-26;104
2009-08-27;104
2009-08-28;103
2009-08-29;102
2009-08-30;102
2009-08-31;101
2009-09-01;101
2009-09-02;101
2009-09-03;101
2009-09-04;101
2009-09-05;102
2009-09-06;102
2009-09-07;103
2009-09-08;104
2009-09-09;105
2009-09-10;106
2009-09-11;106
2009-09-12;106
2009-09-13;106
2009-09-14;106
2009-09-15;106
2009-09-16;106
2009-09-17;106
2009-09-18;105
2009-09-19;105
2009-09-20;104
2009-09-21;103
2009-09-22;102
2009-09-23;101
2009-09-24;100
2009-09-25;99
2009-09-26;98
2009-09-27;96
2009-09-28;96
2009-09-29;95
2009-09-30;95
2009-10-01;96
2009-10-02;96
2009-10-03;96
2009-10-04;97
2009-10-05;97
2009-10-06;98
2009-10-07;98
2009-10-08;98
2009-10-09;98
2009-10-10;98
2009-10-11;99
2009-10-12;99
2009-10-13;100
2009-10-14;100
2009-10-15;101
2009-10-16;102
2009-10-17;102
2009-10-18;102
2009-10-19;103
2009-10-20;103
2009-10-21;103
2009-10-22;103
2009-10-23;102
2009-10-24;101
2009-10-25;100
2009-10-26;100
2009-10-27;100
2009-10-28;100
2009-10-29;100
2009-10-30;100
2009-10-31;100
2009-11-01;100
2009-11-02;101
2009-11-03;101
2009-11-04;102
2009-11-05;103
2009-11-06;103
2009-11-07;104
2009-11-08;105
2009-11-09;106
2009-11-10;107
2009-11-11;109
2009-11-12;109
2009-11-13;110
2009-11-14;109
2009-11-15;109
2009-11-16;109
2009-11-17;109
2009-11-18;109
2009-11-19;109
2009-11-20;109
2009-11-21;109
2009-11-22;109
2009-11-23;109
2009-11-24;109
2009-11-25;110
2009-11-26;110
2009-11-27;110
2009-11-28;111
2009-11-29;111
2009-11-30;112
2009-12-01;113
2009-12-02;114
2009-12-03;115
2009-12-04;116
2009-12-05;117
2009-12-06;117
2009-12-07;118
2009-12-08;118
2009-12-09;119
2009-12-10;119
2009-12-11;119
2009-12-12;119
2009-12-13;118
2009-12-14;118
2009-12-15;118
2009-12-16;119
2009-12-17;120
2009-12-18;121
2009-12-19;122
2009-12-20;125
2009-12-21;130
2009-12-22;137
2009-12-23;145
2009-12-24;155
2009-12-25;164
2009-12-26;173
2009-12-27;182
2009-12-28;189
2009-12-29;194
2009-12-30;196
2009-12-31;196
2010-01-01;195
2010-01-02;194
2010-01-03;191
2010-01-04;189
2010-01-05;186
2010-01-06;183
2010-01-07;181
2010-01-08;180
2010-01-09;180
2010-01-10;181
2010-01-11;183
2010-01-12;184
2010-01-13;186
2010-01-14;188
2010-01-15;190
2010-01-16;191
2010-01-17;191
2010-01-18;192
2010-01-19;193
2010-01-20;193
2010-01-21;193
2010-01-22;192
2010-01-23;191
2010-01-24;190
2010-01-25;190
2010-01-26;190
2010-01-27;190
2010-01-28;190
2010-01-29;188
2010-01-30;185
2010-01-31;182
2010-02-01;180
2010-02-02;178
2010-02-03;176
2010-02-04;174
2010-02-05;172
2010-02-06;170
2010-02-07;167
2010-02-08;164
2010-02-09;163
2010-02-10;161
2010-02-11;158
2010-02-12;156
2010-02-13;154
2010-02-14;152
2010-02-15;151
2010-02-16;151
2010-02-17;152
2010-02-18;152
2010-02-19;152
2010-02-20;151
2010-02-21;149
2010-02-22;147
2010-02-23;146
2010-02-24;145
2010-02-25;143
2010-02-26;141
2010-02-27;138
2010-02-28;136
2010-03-01;134
2010-03-02;133
2010-03-03;133
2010-03-04;133
2010-03-05;134
2010-03-06;134
2010-03-07;134
2010-03-08;135
2010-03-09;135
2010-03-10;136
2010-03-11;137
2010-03-12;137
2010-03-13;137
2010-03-14;137
2010-03-15;138
2010-03-16;138
2010-03-17;139
2010-03-18;139
2010-03-19;138
2010-03-20;137
2010-03-21;136
2010-03-22;135
2010-03-23;135
2010-03-24;134
2010-03-25;133
2010-03-26;132
2010-03-27;130
2010-03-28;129
2010-03-29;128
2010-03-30;128
2010-03-31;127
2010-04-01;127
2010-04-02;127
2010-04-03;127
2010-04-04;127
2010-04-05;126
2010-04-06;126
2010-04-07;125
2010-04-08;123
2010-04-09;121
2010-04-10;120
2010-04-11;118
2010-04-12;116
2010-04-13;115
2010-04-14;113
2010-04-15;112
2010-04-16;111
2010-04-17;110
2010-04-18;108
2010-04-19;107
2010-04-20;107
2010-04-21;106
2010-04-22;105
2010-04-23;104
2010-04-24;103
2010-04-25;102
2010-04-26;101
2010-04-27;101
2010-04-28;100
2010-04-29;100
2010-04-30;100
2010-05-01;100
2010-05-02;101
2010-05-03;101
2010-05-04;102
2010-05-05;103
2010-05-06;103
2010-05-07;102
2010-05-08;102
2010-05-09;102
2010-05-10;102
2010-05-11;102
2010-05-12;103
2010-05-13;103
2010-05-14;102
2010-05-15;102
2010-05-16;101
2010-05-17;100
2010-05-18;99
2010-05-19;98
2010-05-20;97
2010-05-21;96
2010-05-22;96
2010-05-23;95
2010-05-24;95
2010-05-25;95
2010-05-26;96
2010-05-27;96
2010-05-28;96
2010-05-29;97
2010-05-30;97
2010-05-31;97
2010-06-01;97
2010-06-02;97
2010-06-03;97
2010-06-04;97
2010-06-05;97
2010-06-06;98
2010-06-07;99
2010-06-08;99
2010-06-09;100
2010-06-10;101
2010-06-11;101
2010-06-12;102
2010-06-13;102
2010-06-14;103
2010-06-15;104
2010-06-16;104
2010-06-17;105
2010-06-18;105
2010-06-19;105
2010-06-20;105
2010-06-21;105
2010-06-22;105
2010-06-23;105
2010-06-24;104
2010-06-25;103
2010-06-26;102
2010-06-27;102
2010-06-28;101
2010-06-29;101
2010-06-30;101
2010-07-01;100
2010-07-02;100
2010-07-03;101
2010-07-04;102
2010-07-05;103
2010-07-06;104
2010-07-07;105
2010-07-08;106
2010-07-09;106
2010-07-10;106
2010-07-11;107
2010-07-12;107
2010-07-13;108
2010-07-14;109
2010-07-15;110
2010-07-16;110
2010-07-17;109
2010-07-18;109
2010-07-19;108
2010-07-20;108
2010-07-21;108
2010-07-22;108
2010-07-23;107
2010-07-24;107
2010-07-25;107
2010-07-26;107
2010-07-27;107
2010-07-28;107
2010-07-29;106
2010-07-30;106
2010-07-31;106
2010-08-01;106
2010-08-02;106
2010-08-03;107
2010-08-04;108
2010-08-05;108
2010-08-06;108
2010-08-07;109
2010-08-08;109
2010-08-09;109
2010-08-10;109
2010-08-11;109
2010-08-12;108
2010-08-13;108
2010-08-14;107
2010-08-15;106
2010-08-16;106
2010-08-17;105
2010-08-18;104
2010-08-19;103
2010-08-20;102
2010-08-21;101
2010-08-22;100
2010-08-23;99
2010-08-24;98
2010-08-25;98
2010-08-26;97
2010-08-27;96
2010-08-28;95
2010-08-29;94
2010-08-30;94
2010-08-31;94
2010-09-01;94
2010-09-02;94
2010-09-03;95
2010-09-04;95
2010-09-05;95
2010-09-06;96
2010-09-07;97
2010-09-08;97
2010-09-09;98
2010-09-10;98
2010-09-11;98
2010-09-12;98
2010-09-13;99
2010-09-14;99
2010-09-15;100
2010-09-16;100
2010-09-17;100
2010-09-18;99
2010-09-19;98
2010-09-20;98
2010-09-21;97
2010-09-22;97
2010-09-23;97
2010-09-24;97
2010-09-25;97
2010-09-26;97
2010-09-27;97
2010-09-28;97
2010-09-29;97
2010-09-30;97
2010-10-01;97
2010-10-02;98
2010-10-03;98
2010-10-04;99
2010-10-05;100
2010-10-06;100
2010-10-07;101
2010-10-08;101
2010-10-09;102
2010-10-10;102
2010-10-11;102
2010-10-12;103
2010-10-13;103
2010-10-14;103
2010-10-15;103
2010-10-16;103
2010-10-17;103
2010-10-18;103
2010-10-19;103
2010-10-20;104
2010-10-21;103
2010-10-22;103
2010-10-23;102
2010-10-24;102
2010-10-25;101
2010-10-26;101
2010-10-27;101
2010-10-28;101
2010-10-29;101
2010-10-30;100
2010-10-31;101
2010-11-01;101
2010-11-02;101
2010-11-03;101
2010-11-04;102
2010-11-05;102
2010-11-06;103
2010-11-07;104
2010-11-08;104
2010-11-09;106
2010-11-10;107
2010-11-11;108
2010-11-12;108
2010-11-13;108
2010-11-14;108
2010-11-15;108
2010-11-16;108
2010-11-17;109
2010-11-18;110
2010-11-19;111
2010-11-20;112
2010-11-21;113
2010-11-22;114
2010-11-23;115
2010-11-24;116
2010-11-25;116
2010-11-26;116
2010-11-27;116
2010-11-28;116
2010-11-29;117
2010-11-30;117
2010-12-01;118
2010-12-02;119
2010-12-03;120
2010-12-04;121
2010-12-05;123
2010-12-06;124
2010-12-07;126
2010-12-08;128
2010-12-09;129
2010-12-10;130
2010-12-11;131
2010-12-12;131
2010-12-13;132
2010-12-14;134
2010-12-15;135
2010-12-16;137
2010-12-17;138
2010-12-18;139
2010-12-19;141
2010-12-20;144
2010-12-21;149
2010-12-22;156
2010-12-23;165
2010-12-24;175
2010-12-25;187
2010-12-26;199
2010-12-27;209
2010-12-28;217
2010-12-29;223
2010-12-30;225
2010-12-31;225
2011-01-01;225
2011-01-02;224
2011-01-03;223
2011-01-04;223
2011-01-05;221
2011-01-06;217
2011-01-07;214
2011-01-08;210
2011-01-09;206
2011-01-10;202
2011-01-11;199
2011-01-12;196
2011-01-13;193
2011-01-14;190
2011-01-15;185
2011-01-16;182
2011-01-17;178
2011-01-18;176
2011-01-19;175
2011-01-20;174
2011-01-21;172
2011-01-22;171
2011-01-23;169
2011-01-24;168
2011-01-25;167
2011-01-26;166
2011-01-27;165
2011-01-28;164
2011-01-29;162
2011-01-30;161
2011-01-31;159
2011-02-01;159
2011-02-02;158
2011-02-03;157
2011-02-04;156
2011-02-05;154
2011-02-06;153
2011-02-07;151
2011-02-08;150
2011-02-09;150
2011-02-10;148
2011-02-11;147
2011-02-12;146
2011-02-13;144
2011-02-14;144
2011-02-15;143
2011-02-16;143
2011-02-17;142
2011-02-18;141
2011-02-19;139
2011-02-20;137
2011-02-21;136
2011-02-22;134
2011-02-23;133
2011-02-24;132
2011-02-25;130
2011-02-26;127
2011-02-27;125
2011-02-28;124
2011-03-01;122
2011-03-02;121
2011-03-03;121
2011-03-04;120
2011-03-05;119
2011-03-06;118
2011-03-07;118
2011-03-08;118
2011-03-09;118
2011-03-10;118
2011-03-11;118
2011-03-12;118
2011-03-13;118
2011-03-14;118
2011-03-15;118
2011-03-16;118
2011-03-17;118
2011-03-18;116
2011-03-19;115
2011-03-20;114
2011-03-21;113
2011-03-22;112
2011-03-23;112
2011-03-24;112
2011-03-25;112
2011-03-26;112
2011-03-27;111
2011-03-28;111
2011-03-29;111
2011-03-30;111
2011-03-31;111
2011-04-01;110
2011-04-02;109
2011-04-03;108
2011-04-04;107
2011-04-05;106
2011-04-06;106
2011-04-07;105
2011-04-08;104
2011-04-09;104
2011-04-10;103
2011-04-11;103
2011-04-12;103
2011-04-13;103
2011-04-14;103
2011-04-15;103
2011-04-16;102
2011-04-17;101
2011-04-18;101
2011-04-19;101
2011-04-20;101
2011-04-21;101
2011-04-22;101
2011-04-23;100
2011-04-24;100
2011-04-25;99
2011-04-26;99
2011-04-27;99
2011-04-28;98
2011-04-29;97
2011-04-30;96
2011-05-01;96
2011-05-02;95
2011-05-03;95
2011-05-04;95
2011-05-05;95
2011-05-06;95
2011-05-07;95
2011-05-08;95
2011-05-09;95
2011-05-10;95
2011-05-11;96
2011-05-12;96
2011-05-13;96
2011-05-14;96
2011-05-15;96
2011-05-16;96
2011-05-17;97
2011-05-18;97
2011-05-19;97
2011-05-20;97
2011-05-21;96
2011-05-22;96
2011-05-23;96
2011-05-24;96
2011-05-25;97
2011-05-26;97
2011-05-27;98
2011-05-28;98
2011-05-29;100
2011-05-30;101
2011-05-31;103
2011-06-01;104
2011-06-02;105
2011-06-03;105
2011-06-04;106
2011-06-05;106
2011-06-06;106
2011-06-07;106
2011-06-08;106
2011-06-09;105
2011-06-10;105
2011-06-11;105
2011-06-12;105
2011-06-13;105
2011-06-14;106
2011-06-15;106
2011-06-16;107
2011-06-17;108
2011-06-18;108
2011-06-19;109
2011-06-20;109
2011-06-21;110
2011-06-22;110
2011-06-23;110
2011-06-24;110
2011-06-25;110
2011-06-26;109
2011-06-27;108
2011-06-28;108
2011-06-29;108
2011-06-30;107
2011-07-01;101
2011-07-02;101
2011-07-03;102
2011-07-04;102
2011-07-05;103
2011-07-06;104
2011-07-07;104
2011-07-08;105
2011-07-09;106
2011-07-10;106
2011-07-11;107
2011-07-12;107
2011-07-13;108
2011-07-14;107
2011-07-15;107
2011-07-16;106
2011-07-17;105
2011-07-18;105
2011-07-19;104
2011-07-20;104
2011-07-21;104
2011-07-22;103
2011-07-23;103
2011-07-24;102
2011-07-25;102
2011-07-26;102
2011-07-27;102
2011-07-28;101
2011-07-29;101
2011-07-30;101
2011-07-31;101
2011-08-01;101
2011-08-02;101
2011-08-03;101
2011-08-04;101
2011-08-05;100
2011-08-06;101
2011-08-07;101
2011-08-08;101
2011-08-09;102
2011-08-10;102
2011-08-11;102
2011-08-12;101
2011-08-13;99
2011-08-14;98
2011-08-15;98
2011-08-16;97
2011-08-17;97
2011-08-18;96
2011-08-19;95
2011-08-20;94
2011-08-21;94
2011-08-22;93
2011-08-23;93
2011-08-24;93
2011-08-25;92
2011-08-26;91
2011-08-27;91
2011-08-28;90
2011-08-29;90
2011-08-30;89
2011-08-31;89
2011-09-01;89
2011-09-02;88
2011-09-03;89
2011-09-04;89
2011-09-05;90
2011-09-06;90
2011-09-07;91
2011-09-08;92
2011-09-09;93
2011-09-10;93
2011-09-11;94
2011-09-12;94
2011-09-13;94
2011-09-14;95
2011-09-15;95
2011-09-16;94
2011-09-17;94
2011-09-18;94
2011-09-19;93
2011-09-20;93
2011-09-21;92
2011-09-22;92
2011-09-23;92
2011-09-24;91
2011-09-25;91
2011-09-26;90
2011-09-27;90
2011-09-28;90
2011-09-29;90
2011-09-30;91
2011-10-01;91
2011-10-02;91
2011-10-03;92
2011-10-04;92
2011-10-05;94
2011-10-06;94
2011-10-07;95
2011-10-08;96
2011-10-09;97
2011-10-10;97
2011-10-11;98
2011-10-12;98
2011-10-13;98
2011-10-14;98
2011-10-15;98
2011-10-16;98
2011-10-17;98
2011-10-18;98
2011-10-19;98
2011-10-20;98
2011-10-21;97
2011-10-22;96
2011-10-23;95
2011-10-24;94
2011-10-25;93
2011-10-26;93
2011-10-27;93
2011-10-28;93
2011-10-29;93
2011-10-30;93
2011-10-31;94
2011-11-01;94
2011-11-02;95
2011-11-03;96
2011-11-04;96
2011-11-05;96
2011-11-06;97
2011-11-07;98
2011-11-08;98
2011-11-09;100
2011-11-10;100
2011-11-11;101
2011-11-12;101
2011-11-13;101
2011-11-14;102
2011-11-15;102
2011-11-16;103
2011-11-17;103
2011-11-18;103
2011-11-19;103
2011-11-20;104
2011-11-21;104
2011-11-22;105
2011-11-23;106
2011-11-24;107
2011-11-25;107
2011-11-26;107
2011-11-27;107
2011-11-28;108
2011-11-29;108
2011-11-30;109
2011-12-01;109
2011-12-02;110
2011-12-03;111
2011-12-04;112
2011-12-05;113
2011-12-06;115
2011-12-07;116
2011-12-08;117
2011-12-09;118
2011-12-10;119
2011-12-11;119
2011-12-12;119
2011-12-13;120
2011-12-14;120
2011-12-15;120
2011-12-16;119
2011-12-17;119
2011-12-18;120
2011-12-19;122
2011-12-20;124
2011-12-21;127
2011-12-22;132
2011-12-23;137
2011-12-24;143
2011-12-25;149
2011-12-26;155
2011-12-27;160
2011-12-28;163
2011-12-29;164
2011-12-30;163
2011-12-31;161
2012-01-01;159
2012-01-02;156
2012-01-03;155
2012-01-04;153
2012-01-05;152
2012-01-06;150
2012-01-07;149
2012-01-08;148
2012-01-09;147
2012-01-10;146
2012-01-11;146
2012-01-12;145
2012-01-13;145
2012-01-14;145
2012-01-15;145
2012-01-16;146
2012-01-17;148
2012-01-18;150
2012-01-19;152
2012-01-20;153
2012-01-21;154
2012-01-22;154
2012-01-23;154
2012-01-24;154
2012-01-25;153
2012-01-26;152
2012-01-27;150
2012-01-28;148
2012-01-29;146
2012-01-30;144
2012-01-31;142
2012-02-01;141
2012-02-02;140
2012-02-03;139
2012-02-04;138
2012-02-05;137
2012-02-06;137
2012-02-07;137
2012-02-08;137
2012-02-09;138
2012-02-10;138
2012-02-11;138
2012-02-12;139
2012-02-13;139
2012-02-14;140
2012-02-15;141
2012-02-16;141
2012-02-17;141
2012-02-18;140
2012-02-19;139
2012-02-20;139
2012-02-21;139
2012-02-22;138
2012-02-23;137
2012-02-24;135
2012-02-25;133
2012-02-26;131
2012-02-27;129
2012-02-28;128
2012-02-29;128
2012-03-01;126
2012-03-02;125
2012-03-03;124
2012-03-04;123
2012-03-05;122
2012-03-06;121
2012-03-07;121
2012-03-08;120
2012-03-09;119
2012-03-10;118
2012-03-11;117
2012-03-12;115
2012-03-13;115
2012-03-14;114
2012-03-15;114
2012-03-16;113
2012-03-17;112
2012-03-18;112
2012-03-19;111
2012-03-20;112
2012-03-21;112
2012-03-22;111
2012-03-23;110
2012-03-24;109
2012-03-25;108
2012-03-26;107
2012-03-27;106
2012-03-28;106
2012-03-29;105
2012-03-30;105
2012-03-31;105
2012-04-01;105
2012-04-02;106
2012-04-03;107
2012-04-04;108
2012-04-05;109
2012-04-06;111
2012-04-07;112
2012-04-08;112
2012-04-09;113
2012-04-10;113
2012-04-11;113
2012-04-12;112
2012-04-13;111
2012-04-14;110
2012-04-15;109
2012-04-16;109
2012-04-17;108
2012-04-18;108
2012-04-19;108
2012-04-20;107
2012-04-21;106
2012-04-22;105
2012-04-23;104
2012-04-24;103
2012-04-25;103
2012-04-26;102
2012-04-27;101
2012-04-28;100
2012-04-29;98
2012-04-30;97
2012-05-01;96
2012-05-02;95
2012-05-03;95
2012-05-04;94
2012-05-05;93
2012-05-06;92
2012-05-07;92
2012-05-08;91
2012-05-09;91
2012-05-10;90
2012-05-11;89
2012-05-12;89
2012-05-13;88
2012-05-14;88
2012-05-15;89
2012-05-16;90
2012-05-17;91
2012-05-18;91
2012-05-19;92
2012-05-20;92
2012-05-21;92
2012-05-22;92
2012-05-23;92
2012-05-24;91
2012-05-25;90
2012-05-26;89
2012-05-27;88
2012-05-28;88
2012-05-29;87
2012-05-30;87
2012-05-31;88
2012-06-01;88
2012-06-02;88
2012-06-03;89
2012-06-04;90
2012-06-05;91
2012-06-06;92
2012-06-07;93
2012-06-08;94
2012-06-09;95
2012-06-10;95
2012-06-11;96
2012-06-12;97
2012-06-13;97
2012-06-14;98
2012-06-15;98
2012-06-16;97
2012-06-17;97
2012-06-18;98
2012-06-19;98
2012-06-20;98
2012-06-21;99
2012-06-22;99
2012-06-23;99
2012-06-24;99
2012-06-25;99
2012-06-26;99
2012-06-27;99
2012-06-28;99
2012-06-29;99
2012-06-30;99
2012-07-01;103
2012-07-02;104
2012-07-03;105
2012-07-04;106
2012-07-05;107
2012-07-06;107
2012-07-07;108
2012-07-08;108
2012-07-09;109
2012-07-10;109
2012-07-11;109
2012-07-12;109
2012-07-13;109
2012-07-14;109
2012-07-15;108
2012-07-16;108
2012-07-17;108
2012-07-18;109
2012-07-19;108
2012-07-20;108
2012-07-21;108
2012-07-22;108
2012-07-23;108
2012-07-24;108
2012-07-25;109
2012-07-26;109
2012-07-27;108
2012-07-28;108
2012-07-29;108
2012-07-30;109
2012-07-31;109
2012-08-01;110
2012-08-02;110
2012-08-03;110
2012-08-04;110
2012-08-05;110
2012-08-06;111
2012-08-07;111
2012-08-08;112
2012-08-09;112
2012-08-10;112
2012-08-11;112
2012-08-12;112
2012-08-13;113
2012-08-14;113
2012-08-15;113
2012-08-16;113
2012-08-17;111
2012-08-18;110
2012-08-19;108
2012-08-20;107
2012-08-21;107
2012-08-22;106
2012-08-23;106
2012-08-24;106
2012-08-25;106
2012-08-26;106
2012-08-27;106
2012-08-28;106
2012-08-29;105
2012-08-30;105
2012-08-31;104
2012-09-01;104
2012-09-02;103
2012-09-03;103
2012-09-04;103
2012-09-05;103
2012-09-06;103
2012-09-07;104
2012-09-08;104
2012-09-09;105
2012-09-10;106
2012-09-11;107
2012-09-12;108
2012-09-13;108
2012-09-14;108
2012-09-15;108
2012-09-16;108
2012-09-17;107
2012-09-18;107
2012-09-19;107
2012-09-20;107
2012-09-21;107
2012-09-22;107
2012-09-23;107
2012-09-24;107
2012-09-25;107
2012-09-26;107
2012-09-27;106
2012-09-28;106
2012-09-29;105
2012-09-30;105
2012-10-01;105
2012-10-02;105
2012-10-03;106
2012-10-04;107
2012-10-05;108
2012-10-06;109
2012-10-07;110
2012-10-08;111
2012-10-09;112
2012-10-10;113
2012-10-11;113
2012-10-12;114
2012-10-13;114
2012-10-14;114
2012-10-15;115
2012-10-16;115
2012-10-17;116
2012-10-18;116
2012-10-19;115
2012-10-20;115
2012-10-21;114
2012-10-22;114
2012-10-23;113
2012-10-24;113
2012-10-25;112
2012-10-26;111
2012-10-27;111
2012-10-28;110
2012-10-29;111
2012-10-30;111
2012-10-31;112
2012-11-01;112
2012-11-02;112
2012-11-03;111
2012-11-04;110
2012-11-05;110
2012-11-06;110
2012-11-07;110
2012-11-08;110
2012-11-09;111
2012-11-10;111
2012-11-11;112
2012-11-12;113
2012-11-13;114
2012-11-14;115
2012-11-15;116
2012-11-16;117
2012-11-17;117
2012-11-18;118
2012-11-19;119
2012-11-20;121
2012-11-21;122
2012-11-22;123
2012-11-23;124
2012-11-24;125
2012-11-25;125
2012-11-26;126
2012-11-27;126
2012-11-28;126
2012-11-29;127
2012-11-30;127
2012-12-01;127
2012-12-02;127
2012-12-03;128
2012-12-04;130
2012-12-05;131
2012-12-06;133
2012-12-07;134
2012-12-08;134
2012-12-09;135
2012-12-10;136
2012-12-11;137
2012-12-12;138
2012-12-13;139
2012-12-14;140
2012-12-15;141
2012-12-16;142
2012-12-17;144
2012-12-18;146
2012-12-19;148
2012-12-20;153
2012-12-21;160
2012-12-22;171
2012-12-23;187
2012-12-24;206
2012-12-25;225
2012-12-26;240
2012-12-27;251
2012-12-28;255
2012-12-29;254
2012-12-30;251
2012-12-31;246
2013-01-01;241
2013-01-02;236
2013-01-03;230
2013-01-04;222
2013-01-05;215
2013-01-06;207
2013-01-07;200
2013-01-08;194
2013-01-09;189
2013-01-10;186
2013-01-11;183
2013-01-12;180
2013-01-13;178
2013-01-14;176
2013-01-15;175
2013-01-16;174
2013-01-17;173
2013-01-18;172
2013-01-19;170
2013-01-20;168
2013-01-21;167
2013-01-22;166
2013-01-23;165
2013-01-24;164
2013-01-25;163
2013-01-26;161
2013-01-27;159
2013-01-28;158
2013-01-29;157
2013-01-30;156
2013-01-31;155
2013-02-01;154
2013-02-02;152
2013-02-03;150
2013-02-04;148
2013-02-05;147
2013-02-06;146
2013-02-07;145
2013-02-08;144
2013-02-09;142
2013-02-10;141
2013-02-11;140
2013-02-12;139
2013-02-13;139
2013-02-14;139
2013-02-15;138
2013-02-16;136
2013-02-17;136
2013-02-18;135
2013-02-19;135
2013-02-20;135
2013-02-21;134
2013-02-22;133
2013-02-23;132
2013-02-24;130
2013-02-25;129
2013-02-26;128
2013-02-27;127
2013-02-28;126
2013-03-01;126
2013-03-02;125
2013-03-03;125
2013-03-04;125
2013-03-05;125
2013-03-06;126
2013-03-07;126
2013-03-08;126
2013-03-09;125
2013-03-10;125
2013-03-11;124
2013-03-12;124
2013-03-13;123
2013-03-14;122
2013-03-15;121
2013-03-16;120
2013-03-17;119
2013-03-18;119
2013-03-19;119
2013-03-20;119
2013-03-21;120
2013-03-22;120
2013-03-23;120
2013-03-24;120
2013-03-25;121
2013-03-26;121
2013-03-27;122
2013-03-28;122
2013-03-29;123
2013-03-30;123
2013-03-31;124
2013-04-01;125
2013-04-02;126
2013-04-03;127
2013-04-04;128
2013-04-05;127
2013-04-06;127
2013-04-07;126
2013-04-08;126
2013-04-09;126
2013-04-10;125
2013-04-11;125
2013-04-12;123
2013-04-13;121
2013-04-14;119
2013-04-15;117
2013-04-16;116
2013-04-17;114
2013-04-18;113
2013-04-19;111
2013-04-20;110
2013-04-21;108
2013-04-22;107
2013-04-23;106
2013-04-24;105
2013-04-25;104
2013-04-26;103
2013-04-27;103
2013-04-28;102
2013-04-29;102
2013-04-30;102
2013-05-01;102
2013-05-02;101
2013-05-03;101
2013-05-04;100
2013-05-05;100
2013-05-06;100
2013-05-07;100
2013-05-08;100
2013-05-09;100
2013-05-10;99
2013-05-11;99
2013-05-12;98
2013-05-13;97
2013-05-14;97
2013-05-15;96
2013-05-16;96
2013-05-17;96
2013-05-18;96
2013-05-19;97
2013-05-20;97
2013-05-21;97
2013-05-22;98
2013-05-23;98
2013-05-24;97
2013-05-25;97
2013-05-26;97
2013-05-27;97
2013-05-28;97
2013-05-29;97
2013-05-30;96
2013-05-31;96
2013-06-01;95
2013-06-02;94
2013-06-03;94
2013-06-04;93
2013-06-05;93
2013-06-06;93
2013-06-07;93
2013-06-08;93
2013-06-09;93
2013-06-10;94
2013-06-11;95
2013-06-12;95
2013-06-13;96
2013-06-14;96
2013-06-15;96
2013-06-16;96
2013-06-17;97
2013-06-18;97
2013-06-19;97
2013-06-20;97
2013-06-21;97
2013-06-22;97
2013-06-23;97
2013-06-24;97
2013-06-25;97
2013-06-26;97
2013-06-27;97
2013-06-28;97
2013-06-29;97
2013-06-30;97
2013-07-01;102
2013-07-02;103
2013-07-03;104
2013-07-04;105
2013-07-05;105
2013-07-06;105
2013-07-07;106
2013-07-08;107
2013-07-09;108
2013-07-10;109
2013-07-11;110
2013-07-12;111
2013-07-13;112
2013-07-14;113
2013-07-15;114
2013-07-16;115
2013-07-17;115
2013-07-18;115
2013-07-19;115
2013-07-20;115
2013-07-21;115
2013-07-22;116
2013-07-23;117
2013-07-24;117
2013-07-25;117
2013-07-26;118
2013-07-27;118
2013-07-28;118
2013-07-29;118
2013-07-30;119
2013-07-31;119
2013-08-01;118
2013-08-02;118
2013-08-03;117
2013-08-04;117
2013-08-05;117
2013-08-06;117
2013-08-07;117
2013-08-08;116
2013-08-09;115
2013-08-10;115
2013-08-11;115
2013-08-12;116
2013-08-13;116
2013-08-14;116
2013-08-15;115
2013-08-16;114
2013-08-17;113
2013-08-18;112
2013-08-19;110
2013-08-20;110
2013-08-21;109
2013-08-22;108
2013-08-23;107
2013-08-24;107
2013-08-25;106
2013-08-26;106
2013-08-27;105
2013-08-28;105
2013-08-29;104
2013-08-30;104
2013-08-31;103
2013-09-01;103
2013-09-02;103
2013-09-03;104
2013-09-04;104
2013-09-05;105
2013-09-06;106
2013-09-07;106
2013-09-08;107
2013-09-09;108
2013-09-10;109
2013-09-11;110
2013-09-12;110
2013-09-13;111
2013-09-14;111
2013-09-15;111
2013-09-16;111
2013-09-17;111
2013-09-18;111
2013-09-19;111
2013-09-20;111
2013-09-21;110
2013-09-22;110
2013-09-23;109
2013-09-24;109
2013-09-25;109
2013-09-26;109
2013-09-27;109
2013-09-28;108
2013-09-29;109
2013-09-30;109
2013-10-01;110
2013-10-02;111
2013-10-03;112
2013-10-04;113
2013-10-05;113
2013-10-06;114
2013-10-07;114
2013-10-08;114
2013-10-09;114
2013-10-10;114
2013-10-11;114
2013-10-12;114
2013-10-13;114
2013-10-14;114
2013-10-15;115
2013-10-16;115
2013-10-17;114
2013-10-18;113
2013-10-19;112
2013-10-20;111
2013-10-21;110
2013-10-22;109
2013-10-23;108
2013-10-24;107
2013-10-25;106
2013-10-26;105
2013-10-27;105
2013-10-28;104
2013-10-29;104
2013-10-30;105
2013-10-31;105
2013-11-01;106
2013-11-02;106
2013-11-03;107
2013-11-04;107
2013-11-05;107
2013-11-06;107
2013-11-07;107
2013-11-08;108
2013-11-09;108
2013-11-10;108
2013-11-11;109
2013-11-12;109
2013-11-13;109
2013-11-14;110
2013-11-15;110
2013-11-16;111
2013-11-17;112
2013-11-18;112
2013-11-19;113
2013-11-20;114
2013-11-21;115
2013-11-22;115
2013-11-23;116
2013-11-24;116
2013-11-25;116
2013-11-26;117
2013-11-27;118
2013-11-28;118
2013-11-29;118
2013-11-30;119
2013-12-01;119
2013-12-02;120
2013-12-03;122
2013-12-04;123
2013-12-05;125
2013-12-06;127
2013-12-07;129
2013-12-08;130
2013-12-09;132
2013-12-10;134
2013-12-11;136
2013-12-12;137
2013-12-13;138
2013-12-14;138
2013-12-15;139
2013-12-16;139
2013-12-17;140
2013-12-18;141
2013-12-19;142
2013-12-20;143
2013-12-21;144
2013-12-22;146
2013-12-23;152
2013-12-24;162
2013-12-25;176
2013-12-26;189
2013-12-27;195
2013-12-28;195
2013-12-29;192
2013-12-30;190
2013-12-31;188
2014-01-01;185
2014-01-02;182
2014-01-03;179
2014-01-04;175
2014-01-05;172
2014-01-06;168
2014-01-07;165
2014-01-08;163
2014-01-09;161
2014-01-10;159
2014-01-11;158
2014-01-12;157
2014-01-13;157
2014-01-14;158
2014-01-15;159
2014-01-16;160
2014-01-17;162
2014-01-18;163
2014-01-19;164
2014-01-20;164
2014-01-21;165
2014-01-22;165
2014-01-23;164
2014-01-24;163
2014-01-25;161
2014-01-26;160
2014-01-27;158
2014-01-28;157
2014-01-29;157
2014-01-30;156
2014-01-31;155
2014-02-01;153
2014-02-02;152
2014-02-03;151
2014-02-04;150
2014-02-05;150
2014-02-06;150
2014-02-07;149
2014-02-08;149
2014-02-09;149
2014-02-10;149
2014-02-11;150
2014-02-12;150
2014-02-13;150
2014-02-14;150
2014-02-15;149
2014-02-16;149
2014-02-17;149
2014-02-18;149
2014-02-19;149
2014-02-20;148
2014-02-21;147
2014-02-22;146
2014-02-23;144
2014-02-24;143
2014-02-25;142
2014-02-26;140
2014-02-27;138
2014-02-28;136
2014-03-01;134
2014-03-02;132
2014-03-03;130
2014-03-04;129
2014-03-05;127
2014-03-06;126
2014-03-07;125
2014-03-08;124
2014-03-09;123
2014-03-10;122
2014-03-11;121
2014-03-12;121
2014-03-13;121
2014-03-14;121
2014-03-15;121
2014-03-16;121
2014-03-17;120
2014-03-18;120
2014-03-19;121
2014-03-20;121
2014-03-21;121
2014-03-22;121
2014-03-23;121
2014-03-24;121
2014-03-25;121
2014-03-26;122
2014-03-27;122
2014-03-28;121
2014-03-29;121
2014-03-30;121
2014-03-31;121
2014-04-01;122
2014-04-02;122
2014-04-03;122
2014-04-04;122
2014-04-05;121
2014-04-06;120
2014-04-07;120
2014-04-08;119
2014-04-09;118
2014-04-10;117
2014-04-11;116
2014-04-12;115
2014-04-13;114
2014-04-14;114
2014-04-15;114
2014-04-16;114
2014-04-17;115
2014-04-18;115
2014-04-19;115
2014-04-20;115
2014-04-21;115
2014-04-22;114
2014-04-23;114
2014-04-24;112
2014-04-25;111
2014-04-26;110
2014-04-27;109
2014-04-28;108
2014-04-29;108
2014-04-30;107
2014-05-01;106
2014-05-02;104
2014-05-03;103
2014-05-04;102
2014-05-05;101
2014-05-06;101
2014-05-07;100
2014-05-08;100
2014-05-09;99
2014-05-10;99
2014-05-11;98
2014-05-12;98
2014-05-13;97
2014-05-14;96
2014-05-15;95
2014-05-16;94
2014-05-17;93
2014-05-18;93
2014-05-19;93
2014-05-20;93
2014-05-21;93
2014-05-22;93
2014-05-23;93
2014-05-24;94
2014-05-25;94
2014-05-26;95
2014-05-27;95
2014-05-28;96
2014-05-29;96
2014-05-30;95
2014-05-31;95
2014-06-01;94
2014-06-02;101
2014-06-03;101
2014-06-04;100
2014-06-05;99
2014-06-06;98
2014-06-07;98
2014-06-08;98
2014-06-09;97
2014-06-10;98
2014-06-11;98
2014-06-12;99
2014-06-13;99
2014-06-14;100
2014-06-15;101
2014-06-16;101
2014-06-17;102
2014-06-18;102
2014-06-19;102
2014-06-20;102
2014-06-21;102
2014-06-22;102
2014-06-23;102
2014-06-24;102
2014-06-25;102
2014-06-26;102
2014-06-27;103
2014-06-28;103
2014-06-29;103
2014-06-30;104
2014-07-01;105
2014-07-02;105
2014-07-03;106
2014-07-04;107
2014-07-05;107
2014-07-06;108
2014-07-07;109
2014-07-08;110
2014-07-09;111
2014-07-10;112
2014-07-11;112
2014-07-12;112
2014-07-13;112
2014-07-14;113
2014-07-15;113
2014-07-16;113
2014-07-17;113
2014-07-18;113
2014-07-19;113
2014-07-20;113
2014-07-21;113
2014-07-22;113
2014-07-23;114
2014-07-24;113
2014-07-25;113
2014-07-26;112
2014-07-27;112
2014-07-28;112
2014-07-29;112
2014-07-30;112
2014-07-31;112
2014-08-01;111
2014-08-02;110
2014-08-03;110
2014-08-04;109
2014-08-05;108
2014-08-06;108
2014-08-07;107
2014-08-08;106
2014-08-09;106
2014-08-10;106
2014-08-11;106
2014-08-12;107
2014-08-13;107
2014-08-14;107
2014-08-15;106
2014-08-16;105
2014-08-17;103
2014-08-18;102
2014-08-19;101
2014-08-20;101
2014-08-21;100
2014-08-22;99
2014-08-23;98
2014-08-24;97
2014-08-25;97
2014-08-26;96
2014-08-27;96
2014-08-28;95
2014-08-29;95
2014-08-30;95
2014-08-31;95
2014-09-01;95
2014-09-02;95
2014-09-03;96
2014-09-04;97
2014-09-05;97
2014-09-06;98
2014-09-07;98
2014-09-08;99
2014-09-09;99
2014-09-10;99
2014-09-11;99
2014-09-12;99
2014-09-13;99
2014-09-14;99
2014-09-15;99
2014-09-16;99
2014-09-17;99
2014-09-18;99
2014-09-19;100
2014-09-20;99
2014-09-21;99
2014-09-22;99
2014-09-23;99
2014-09-24;98
2014-09-25;98
2014-09-26;98
2014-09-27;97
2014-09-28;96
2014-09-29;96
2014-09-30;96
2014-10-01;96
2014-10-02;96
2014-10-03;96
2014-10-04;97
2014-10-05;98
2014-10-06;99
2014-10-07;100
2014-10-08;101
2014-10-09;102
2014-10-10;102
2014-10-11;102
2014-10-12;102
2014-10-13;102
2014-10-14;102
2014-10-15;101
2014-10-16;101
2014-10-17;100
2014-10-18;99
2014-10-19;98
2014-10-20;97
2014-10-21;96
2014-10-22;96
2014-10-23;95
2014-10-24;94
2014-10-25;94
2014-10-26;93
2014-10-27;92
2014-10-28;92
2014-10-29;92
2014-10-30;92
2014-10-31;92
2014-11-01;92
2014-11-02;92
2014-11-03;93
2014-11-04;93
2014-11-05;94
2014-11-06;95
2014-11-07;95
2014-11-08;96
2014-11-09;97
2014-11-10;98
2014-11-11;98
2014-11-12;99
2014-11-13;100
2014-11-14;100
2014-11-15;100
2014-11-16;100
2014-11-17;101
2014-11-18;101
2014-11-19;102
2014-11-20;103
2014-11-21;103
2014-11-22;103
2014-11-23;103
2014-11-24;104
2014-11-25;104
2014-11-26;104
2014-11-27;105
2014-11-28;105
2014-11-29;106
2014-11-30;106
2014-12-01;107
2014-12-02;108
2014-12-03;109
2014-12-04;111
2014-12-05;111
2014-12-06;112
2014-12-07;114
2014-12-08;114
2014-12-09;115
2014-12-10;116
2014-12-11;117
2014-12-12;117
2014-12-13;118
2014-12-14;119
2014-12-15;120
2014-12-16;122
2014-12-17;124
2014-12-18;127
2014-12-19;130
2014-12-20;135
2014-12-21;141
2014-12-22;149
2014-12-23;158
2014-12-24;166
2014-12-25;173
2014-12-26;177
2014-12-27;179
2014-12-28;180
2014-12-29;179
2014-12-30;177
2014-12-31;174
2015-01-01;171
2015-01-02;167
2015-01-03;164
2015-01-04;161
2015-01-05;158
2015-01-06;155
2015-01-07;153
2015-01-08;150
2015-01-09;148
2015-01-10;146,9
2015-01-11;145,8
2015-01-12;145,3
2015-01-13;145,3
2015-01-14;145,6
2015-01-15;145,8
2015-01-16;145,8
2015-01-17;145,8
2015-01-18;145,8
2015-01-19;146
2015-01-20;146,2
2015-01-21;146,3
2015-01-22;146
2015-01-23;145,4
2015-01-24;144,6
2015-01-25;144
2015-01-26;143,4
2015-01-27;143,2
2015-01-28;143,4
2015-01-29;143,6
2015-01-30;143,2
2015-01-31;142,6
2015-02-01;141,6
2015-02-02;140,5
2015-02-03;139,6
2015-02-04;138,8
2015-02-05;137,9
2015-02-06;136,8
2015-02-07;135,6
2015-02-08;134,6
2015-02-09;133,8
2015-02-10;133,9
2015-02-11;134,2
2015-02-12;134,5
2015-02-13;134,6
2015-02-14;134,5
2015-02-15;134,4
2015-02-16;134,3
2015-02-17;134,5
2015-02-18;134,4
2015-02-19;134
2015-02-20;133
2015-02-21;131,5
2015-02-22;129,8
2015-02-23;128,5
2015-02-24;127,8
2015-02-25;127,1
2015-02-26;126,1
2015-02-27;124,7
2015-02-28;123,3
2015-03-01;121,9
2015-03-02;120,7
2015-03-03;120
2015-03-04;119,5
2015-03-05;119,2
2015-03-06;118,8
2015-03-07;118,6
2015-03-08;118,3
2015-03-09;118
2015-03-10;118,2
2015-03-11;118,4
2015-03-12;118,7
2015-03-13;118,7
2015-03-14;118,5
2015-03-15;118,5
2015-03-16;118,8
2015-03-17;119,3
2015-03-18;119,8
2015-03-19;120
2015-03-20;120,1
2015-03-21;120
2015-03-22;120
2015-03-23;120,1
2015-03-24;120,5
2015-03-25;120,9
2015-03-26;121,1
2015-03-27;120,8
2015-03-28;120,2
2015-03-29;119,7
2015-03-30;119,6
2015-03-31;119,5
2015-04-01;119,3
2015-04-02;118,8
2015-04-03;118,2
2015-04-04;117,2
2015-04-05;116,1
2015-04-06;115,3
2015-04-07;115
2015-04-08;114,7
2015-04-09;113,9
2015-04-10;112,8
2015-04-11;111,7
2015-04-12;111
2015-04-13;110,5
2015-04-14;110,3
2015-04-15;110,3
2015-04-16;110
2015-04-17;109,4
2015-04-18;108,4
2015-04-19;107,5
2015-04-20;107
2015-04-21;106,6
2015-04-22;106,2
2015-04-23;105,6
2015-04-24;104,5
2015-04-25;103,6
2015-04-26;103,1
2015-04-27;102,7
2015-04-28;102,9
2015-04-29;103,1
2015-04-30;102,9
2015-05-01;102,3
2015-05-02;101,5
2015-05-03;100,8
2015-05-04;100,2
2015-05-05;99,6
2015-05-06;98,6
2015-05-07;97,4
2015-05-08;96,2
2015-05-09;95,3
2015-05-10;94,5
2015-05-11;94
2015-05-12;93,9
2015-05-13;93,8
2015-05-14;93,9
2015-05-15;94,2
2015-05-16;94,4
2015-05-17;94,6
2015-05-18;94,7
2015-05-19;94,7
2015-05-20;94,5
2015-05-21;94,3
2015-05-22;93,9
2015-05-23;93,5
2015-05-24;93,3
2015-05-25;93,2
2015-05-26;93,4
2015-05-27;93,6
2015-05-28;93,9
2015-05-29;94
2015-05-30;94,2
2015-05-31;94,4
2015-06-01;94,5
2015-06-02;94,8
2015-06-03;94,9
2015-06-04;95
2015-06-05;94,9
2015-06-06;95,1
2015-06-07;95,6
2015-06-08;96,5
2015-06-09;97,5
2015-06-10;98,6
2015-06-11;99,4
2015-06-12;100
2015-06-13;100,3
2015-06-14;100,6
2015-06-15;101
2015-06-16;101,5
2015-06-17;101,8
2015-06-18;102
2015-06-19;102,1
2015-06-20;102
2015-06-21;101,8
2015-06-22;101,8
2015-06-23;101,8
2015-06-24;101,8
2015-06-25;101,8
2015-06-26;101,7
2015-06-27;101,6
2015-06-28;101,8
2015-06-29;102,4
2015-06-30;103,3
2015-07-01;103,9
2015-07-02;104,8
2015-07-03;105,6
2015-07-04;106,5
2015-07-05;107,7
2015-07-06;109
2015-07-07;110,1
2015-07-08;111,1
2015-07-09;112,1
2015-07-10;112,8
2015-07-11;113,5
2015-07-12;114
2015-07-13;114,3
2015-07-14;114,6
2015-07-15;114,7
2015-07-16;114,5
2015-07-17;114,1
2015-07-18;113,7
2015-07-19;113,5
2015-07-20;113,7
2015-07-21;114
2015-07-22;114,2
2015-07-23;114,1
2015-07-24;113,9
2015-07-25;113,7
2015-07-26;113,7
2015-07-27;113,9
2015-07-28;114,3
2015-07-29;114,3
2015-07-30;113,9
2015-07-31;113,2
2015-08-01;112,3
2015-08-02;111,6
2015-08-03;111
2015-08-04;110,5
2015-08-05;110,1
2015-08-06;109,9
2015-08-07;109,8
2015-08-08;109,8
2015-08-09;110
2015-08-10;110,3
2015-08-11;110,7
2015-08-12;110,5
2015-08-13;110
2015-08-14;109
2015-08-15;108
2015-08-16;106,9
2015-08-17;106,2
2015-08-18;105,7
2015-08-19;105,1
2015-08-20;104,4
2015-08-21;103,6
2015-08-22;103
2015-08-23;102,4
2015-08-24;102
2015-08-25;101,6
2015-08-26;101
2015-08-27;100,2
2015-08-28;99,5
2015-08-29;99
2015-08-30;98,9
2015-08-31;98,9
2015-09-01;99,2
2015-09-02;99,7
2015-09-03;100,2
2015-09-04;100,9
2015-09-05;101,4
2015-09-06;101,9
2015-09-07;102,4
2015-09-08;102,9
2015-09-09;103,2
2015-09-10;103,4
2015-09-11;103,4
2015-09-12;103,4
2015-09-13;103,5
2015-09-14;103,8
2015-09-15;104,2
2015-09-16;104,3
2015-09-17;104,1
2015-09-18;103,8
2015-09-19;103,4
2015-09-20;102,7
2015-09-21;102,2
2015-09-22;101,8
2015-09-23;101,4
2015-09-24;101
2015-09-25;100,5
2015-09-26;100,1
2015-09-27;99,9
2015-09-28;99,8
2015-09-29;100
2015-09-30;100,4
2015-10-01;100,7
2015-10-02;101
2015-10-03;101,2
2015-10-04;101,5
2015-10-05;102,1
2015-10-06;102,8
2015-10-07;103,4
2015-10-08;103,8
2015-10-09;103,9
2015-10-10;103,6
2015-10-11;103,3
2015-10-12;103,1
2015-10-13;103
2015-10-14;103
2015-10-15;102,9
2015-10-16;102,5
2015-10-17;101,8
2015-10-18;101,3
2015-10-19;100,9
2015-10-20;100,5
2015-10-21;100,1
2015-10-22;99,4
2015-10-23;98,5
2015-10-24;97,5
2015-10-25;96,7
2015-10-26;96,2
2015-10-27;95,8
2015-10-28;95,7
2015-10-29;95,8
2015-10-30;96
2015-10-31;96,4
2015-11-01;96,9
2015-11-02;97,4
2015-11-03;97,8
2015-11-04;98,2
2015-11-05;98,5
2015-11-06;98,9
2015-11-07;99,3
2015-11-08;99,5
2015-11-09;100
2015-11-10;100,7
2015-11-11;101,3
2015-11-12;101,8
2015-11-13;102,1
2015-11-14;102,3
2015-11-15;102,5
2015-11-16;102,7
2015-11-17;103
2015-11-18;103,5
2015-11-19;103,9
2015-11-20;103,9
2015-11-21;103,7
2015-11-22;103,5
2015-11-23;103,5
2015-11-24;103,7
2015-11-25;104,1
2015-11-26;104,4
2015-11-27;104,6
2015-11-28;104,7
2015-11-29;104,8
2015-11-30;105,1
2015-12-01;105,6
2015-12-02;106,2
2015-12-03;106,9
2015-12-04;107,5
2015-12-05;108
2015-12-06;108,7
2015-12-07;109,5
2015-12-08;110,3
2015-12-09;111,3
2015-12-10;112,3
2015-12-11;113
2015-12-12;113,5
2015-12-13;113,8
2015-12-14;114,3
2015-12-15;114,9
2015-12-16;115,2
2015-12-17;115,4
2015-12-18;115,7
2015-12-19;116,5
2015-12-20;118,2
2015-12-21;121,4
2015-12-22;125,5
2015-12-23;129,9
2015-12-24;133,8
2015-12-25;136,7
2015-12-26;138,7
2015-12-27;140,4
2015-12-28;141,8
2015-12-29;141,8
2015-12-30;140
2015-12-31;137,1
2016-01-01;134,2
2016-01-02;131,8
2016-01-03;129,8
2016-01-04;128,1
2016-01-05;127
2016-01-06;126,3
2016-01-07;126
2016-01-08;125,8
2016-01-09;125,8
2016-01-10;126
2016-01-11;126,1
2016-01-12;126,7
2016-01-13;127,5
2016-01-14;128,7
2016-01-15;129,9
2016-01-16;131,2
2016-01-17;132,6
2016-01-18;134,2
2016-01-19;135,8
2016-01-20;136,7
2016-01-21;137,1
2016-01-22;136,9
2016-01-23;136,2
2016-01-24;135,4
2016-01-25;134,7
2016-01-26;134,1
2016-01-27;133,5
2016-01-28;132,8
2016-01-29;132,3
2016-01-30;131,5
2016-01-31;130,7
2016-02-01;130
2016-02-02;129,7
2016-02-03;129,7
2016-02-04;129,7
2016-02-05;129,1
2016-02-06;128,1
2016-02-07;127,2
2016-02-08;126,6
2016-02-09;126,2
2016-02-10;125,9
2016-02-11;125,4
2016-02-12;124,8
2016-02-13;123,9
2016-02-14;123,1
2016-02-15;122,8
2016-02-16;122,8
2016-02-17;122,7
2016-02-18;122,3
2016-02-19;121,8
2016-02-20;121
2016-02-21;120,2
2016-02-22;119,6
2016-02-23;119,2
2016-02-24;118,8
2016-02-25;118,1
2016-02-26;117,2
2016-02-27;116,5
2016-02-28;116
2016-02-29;115,9
2016-03-01;116,2
2016-03-02;116,7
2016-03-03;117,1
2016-03-04;117,7
2016-03-05;118
2016-03-06;118,2
2016-03-07;118,2
2016-03-08;118,1
2016-03-09;118,5
2016-03-10;118,7
2016-03-11;119
2016-03-12;119,3
2016-03-13;119,6
2016-03-14;119,9
2016-03-15;120,3
2016-03-16;120,7
2016-03-17;120,9
2016-03-18;120,8
2016-03-19;120,4
2016-03-20;120,1
2016-03-21;120,3
2016-03-22;120,8
2016-03-23;121,4
2016-03-24;122,1
2016-03-25;122,4
2016-03-26;122,3
2016-03-27;122,2
2016-03-28;122,5
2016-03-29;122,6
2016-03-30;122,3
2016-03-31;121,2
2016-04-01;119,6
2016-04-02;117,8
2016-04-03;116
2016-04-04;114,6
2016-04-05;113,6
2016-04-06;113
2016-04-07;112,2
2016-04-08;111,4
2016-04-09;110,5
2016-04-10;109,9
2016-04-11;109,3
2016-04-12;109,2
2016-04-13;108,7
2016-04-14;107,7
2016-04-15;106,3
2016-04-16;104,8
2016-04-17;103,4
2016-04-18;102,2
2016-04-19;101,4
2016-04-20;100,9
2016-04-21;100,4
2016-04-22;100
2016-04-23;99,3
2016-04-24;98,5
2016-04-25;98
2016-04-26;97,5
2016-04-27;96,8
2016-04-28;95,9
2016-04-29;95,1
2016-04-30;94,4
2016-05-01;94,2
2016-05-02;94,1
2016-05-03;94,5
2016-05-04;94,8
2016-05-05;95
2016-05-06;95,2
2016-05-07;95,3
2016-05-08;95,4
2016-05-09;95,9
2016-05-10;96,3
2016-05-11;96,7
2016-05-12;97
2016-05-13;97
2016-05-14;96,9
2016-05-15;96,5
2016-05-16;96,2
2016-05-17;96
2016-05-18;95,8
2016-05-19;95,6
2016-05-20;95,3
2016-05-21;95,1
2016-05-22;95
2016-05-23;94,9
2016-05-24;95
2016-05-25;95,2
2016-05-26;95,6
2016-05-27;95,7
2016-05-28;95,7
2016-05-29;95,7
2016-05-30;95,8
2016-05-31;95,9
2016-06-01;96,1
2016-06-02;96
2016-06-03;95,8
2016-06-04;95,3
2016-06-05;94,8
2016-06-06;94,5
2016-06-07;94,5
2016-06-08;94,6
2016-06-09;95
2016-06-10;95,5
2016-06-11;96,2
2016-06-12;97
2016-06-13;97,9
2016-06-14;98,6
2016-06-15;99
2016-06-16;99,1
2016-06-17;99
2016-06-18;98,8
2016-06-19;98,4
2016-06-20;98
2016-06-21;97,7
2016-06-22;97,5
2016-06-23;97,3
2016-06-24;97,1
2016-06-25;96,8
2016-06-26;96,8
2016-06-27;97,1
2016-06-28;97,7
2016-06-29;98,3
2016-06-30;98,8
2016-07-01;102,5
2016-07-02;102,7
2016-07-03;103
2016-07-04;103,5
2016-07-05;104,2
2016-07-06;104,8
2016-07-07;105,5
2016-07-08;106,2
2016-07-09;107,2
2016-07-10;108,5
2016-07-11;109,8
2016-07-12;110,9
2016-07-13;111,3
2016-07-14;111,2
2016-07-15;110,5
2016-07-16;109,5
2016-07-17;108,6
2016-07-18;108,1
2016-07-19;107,7
2016-07-20;107,4
2016-07-21;107,5
2016-07-22;107,7
2016-07-23;108,1
2016-07-24;108,6
2016-07-25;109,2
2016-07-26;109,7
2016-07-27;110
2016-07-28;110
2016-07-29;109,7
2016-07-30;109,3
2016-07-31;109,2
2016-08-01;109,4
2016-08-02;109,7
2016-08-03;109,5
2016-08-04;109,2
2016-08-05;108,7
2016-08-06;108,2
2016-08-07;108
2016-08-08;107,9
2016-08-09;108
2016-08-10;107,9
2016-08-11;107,6
2016-08-12;106,9
2016-08-13;106,1
2016-08-14;105,3
2016-08-15;104,8
2016-08-16;104,5
2016-08-17;104
2016-08-18;103,4
2016-08-19;102,9
2016-08-20;102,4
2016-08-21;102,2
2016-08-22;102,1
2016-08-23;101,9
2016-08-24;101,5
2016-08-25;101
2016-08-26;100,3
2016-08-27;99,8
2016-08-28;99,4
2016-08-29;99,4
2016-08-30;99,6
2016-08-31;100
2016-09-01;100,3
2016-09-02;100,7
2016-09-03;101,2
2016-09-04;102
2016-09-05;102,9
2016-09-06;104
2016-09-07;104,8
2016-09-08;105,5
2016-09-09;106
2016-09-10;106,4
2016-09-11;107
2016-09-12;107,7
2016-09-13;108,2
2016-09-14;108,5
2016-09-15;108,4
2016-09-16;108,3
2016-09-17;108,2
2016-09-18;108,2
2016-09-19;108,2
2016-09-20;108,1
2016-09-21;107,7
2016-09-22;107,2
2016-09-23;106,6
2016-09-24;106,2
2016-09-25;105,8
2016-09-26;105,5
2016-09-27;105,4
2016-09-28;105,3
2016-09-29;105,1
2016-09-30;105,1
2016-10-01;105,2
2016-10-02;105,5
2016-10-03;106
2016-10-04;106,7
2016-10-05;107,7
2016-10-06;108,6
2016-10-07;109,5
2016-10-08;110,6
2016-10-09;111,7
2016-10-10;112,8
2016-10-11;114,2
2016-10-12;115,7
2016-10-13;117,3
2016-10-14;118,6
2016-10-15;119,6
2016-10-16;120,3
2016-10-17;120,9
2016-10-18;121,6
2016-10-19;121,9
2016-10-20;121,7
2016-10-21;121
2016-10-22;119,9
2016-10-23;118,7
2016-10-24;117,7
2016-10-25;116,7
2016-10-26;115,8
2016-10-27;115
2016-10-28;114
2016-10-29;112,9
2016-10-30;111,7
2016-10-31;111,1
2016-11-01;110,9
2016-11-02;111
2016-11-03;111,2
2016-11-04;111,6
2016-11-05;112,1
2016-11-06;112,9
2016-11-07;114
2016-11-08;115,3
2016-11-09;116,9
2016-11-10;118,1
2016-11-11;119
2016-11-12;119,6
2016-11-13;120,2
2016-11-14;120,8
2016-11-15;121,3
2016-11-16;121,8
2016-11-17;122,1
2016-11-18;122,4
2016-11-19;123
2016-11-20;123,5
2016-11-21;124,2
2016-11-22;125
2016-11-23;125,8
2016-11-24;126,2
2016-11-25;126,4
2016-11-26;126,3
2016-11-27;126,2
2016-11-28;126,5
2016-11-29;127,1
2016-11-30;128
2016-12-01;128,9
2016-12-02;130
2016-12-03;130,8
2016-12-04;131,8
2016-12-05;133,1
2016-12-06;134,6
2016-12-07;136
2016-12-08;137,5
2016-12-09;138,8
2016-12-10;140
2016-12-11;141,5
2016-12-12;143
2016-12-13;144,5
2016-12-14;145,8
2016-12-15;146,8
2016-12-16;147,2
2016-12-17;147,5
2016-12-18;148,5
2016-12-19;150,3
2016-12-20;153,2
2016-12-21;157
2016-12-22;161,7
2016-12-23;166,6
2016-12-24;171,1
2016-12-25;176,3
2016-12-26;181,5
2016-12-27;185
2016-12-28;186,3
2016-12-29;185,6
2016-12-30;183,2
2016-12-31;180
2017-01-01;176,4
2017-01-02;173
2017-01-03;170,4
2017-01-04;167,9
2017-01-05;165,2
2017-01-06;162,5
2017-01-07;160
2017-01-08;157,9
2017-01-09;156,1
2017-01-10;154,8
2017-01-11;154
2017-01-12;153,2
2017-01-13;152,3
2017-01-14;151
2017-01-15;149,8
2017-01-16;148,8
2017-01-17;148,3
2017-01-18;147,9
2017-01-19;147,3
2017-01-20;146,6
2017-01-21;145,8
2017-01-22;144,8
2017-01-23;144,2
2017-01-24;144,1
2017-01-25;144,2
2017-01-26;144
2017-01-27;143,6
2017-01-28;143,1
2017-01-29;142,4
2017-01-30;141,7
2017-01-31;141,4
2017-02-01;141,1
2017-02-02;140,7
2017-02-03;139,7
2017-02-04;138,4
2017-02-05;137
2017-02-06;136,1
2017-02-07;135,4
2017-02-08;134,4
2017-02-09;133,1
2017-02-10;131,6
2017-02-11;129,9
2017-02-12;128,3
2017-02-13;126,9
2017-02-14;125,6
2017-02-15;124,5
2017-02-16;123,3
2017-02-17;122,2
2017-02-18;121,1
2017-02-19;120
2017-02-20;118,9
2017-02-21;118,1
2017-02-22;117,3
2017-02-23;116,4
2017-02-24;115,2
2017-02-25;113,8
2017-02-26;112,5
2017-02-27;111,5
2017-02-28;111
2017-03-01;110,8
2017-03-02;110,8
2017-03-03;110,8
2017-03-04;110,8
2017-03-05;110,8
2017-03-06;110,8
2017-03-07;110,8
2017-03-08;110,7
2017-03-09;110,2
2017-03-10;109,3
2017-03-11;108,3
2017-03-12;107,6
2017-03-13;107,2
2017-03-14;107
2017-03-15;107
2017-03-16;107
2017-03-17;107
2017-03-18;107,2
2017-03-19;107,2
2017-03-20;107,2
2017-03-21;107,3
2017-03-22;107,2
2017-03-23;106,8
2017-03-24;105,9
2017-03-25;104,9
2017-03-26;104
2017-03-27;103,5
2017-03-28;103
2017-03-29;102,5
2017-03-30;102
2017-03-31;101,5
2017-04-01;100,9
2017-04-02;100,3
2017-04-03;99,9
2017-04-04;99,7
2017-04-05;99,5
2017-04-06;99,1
2017-04-07;98,5
2017-04-08;97,9
2017-04-09;97,7
2017-04-10;97,8
2017-04-11;98,1
2017-04-12;98,5
2017-04-13;98,8
2017-04-14;99
2017-04-15;98,7
2017-04-16;98,1
2017-04-17;97,7
2017-04-18;97,5
2017-04-19;97,2
2017-04-20;96,8
2017-04-21;96,3
2017-04-22;95,9
2017-04-23;95,6
2017-04-24;95,5
2017-04-25;95,5
2017-04-26;95,3
2017-04-27;95,1
2017-04-28;94,9
2017-04-29;94,8
2017-04-30;94,8
2017-05-01;95
2017-05-02;95,3
2017-05-03;95,7
2017-05-04;96,1
2017-05-05;96,2
2017-05-06;96
2017-05-07;95,8
2017-05-08;95,8
2017-05-09;95,9
2017-05-10;96,1
2017-05-11;96
2017-05-12;95,7
2017-05-13;95,3
2017-05-14;95
2017-05-15;94,8
2017-05-16;94,5
2017-05-17;94
2017-05-18;93,3
2017-05-19;92,6
2017-05-20;92
2017-05-21;91,6
2017-05-22;91,2
2017-05-23;91
2017-05-24;90,6
2017-05-25;89,9
2017-05-26;89,4
2017-05-27;89,1
2017-05-28;89
2017-05-29;89,2
2017-05-30;89,5
2017-05-31;89,9
2017-06-01;90,3
2017-06-02;90,8
2017-06-03;91,3
2017-06-04;91,8
2017-06-05;92,3
2017-06-06;92,7
2017-06-07;92,9
2017-06-08;92,9
2017-06-09;92,9
2017-06-10;93,1
2017-06-11;93,4
2017-06-12;93,9
2017-06-13;94,6
2017-06-14;95,4
2017-06-15;96
2017-06-16;96,5
2017-06-17;97
2017-06-18;97,7
2017-06-19;98,3
2017-06-20;98,9
2017-06-21;99,5
2017-06-22;100
2017-06-23;100,5
2017-06-24;100,9
2017-06-25;101,4
2017-06-26;102,1
2017-06-27;102,9
2017-06-28;103,6
2017-06-29;104,1
2017-06-30;104,5
2017-07-01;108,6
2017-07-02;109,2
2017-07-03;109,8
2017-07-04;110,3
2017-07-05;110,7
2017-07-06;111
2017-07-07;111,5
2017-07-08;112,2
2017-07-09;113,4
2017-07-10;114,9
2017-07-11;116,4
2017-07-12;117,5
2017-07-13;118,1
2017-07-14;118,2
2017-07-15;117,8
2017-07-16;117,3
2017-07-17;117
2017-07-18;116,8
2017-07-19;116,7
2017-07-20;116,7
2017-07-21;116,8
2017-07-22;116,9
2017-07-23;116,9
2017-07-24;116,8
2017-07-25;116,5
2017-07-26;116,2
2017-07-27;115,6
2017-07-28;114,8
2017-07-29;114
2017-07-30;113,4
2017-07-31;113
2017-08-01;112,9
2017-08-02;112,8
2017-08-03;112,6
2017-08-04;112,4
2017-08-05;112,4
2017-08-06;112,2
2017-08-07;112
2017-08-08;111,7
2017-08-09;111,6
2017-08-10;111,4
2017-08-11;111
2017-08-12;110,6
2017-08-13;110,2
2017-08-14;109,8
2017-08-15;109,1
2017-08-16;107,9
2017-08-17;106,2
2017-08-18;104,4
2017-08-19;103,1
2017-08-20;102,3
2017-08-21;101,9
2017-08-22;101,7
2017-08-23;101,5
2017-08-24;101
2017-08-25;100,3
2017-08-26;99,5
2017-08-27;98,8
2017-08-28;98,4
2017-08-29;98,2
2017-08-30;98,1
2017-08-31;98
2017-09-01;97,7
2017-09-02;97,7
2017-09-03;97,9
2017-09-04;98,1
2017-09-05;98,6
2017-09-06;99
2017-09-07;99,5
2017-09-08;99,9
2017-09-09;100,4
2017-09-10;101
2017-09-11;101,5
2017-09-12;101,8
2017-09-13;101,8
2017-09-14;101,4
2017-09-15;100,9
2017-09-16;100,6
2017-09-17;100,2
2017-09-18;99,9
2017-09-19;99,5
2017-09-20;99,1
2017-09-21;98,8
2017-09-22;98,4
2017-09-23;98
2017-09-24;97,7
2017-09-25;97,4
2017-09-26;97,2
2017-09-27;97
2017-09-28;96,8
2017-09-29;96,8
2017-09-30;96,8
2017-10-01;96,6
2017-10-02;96,6
2017-10-03;96,7
2017-10-04;97,1
2017-10-05;97,4
2017-10-06;97,7
2017-10-07;97,8
2017-10-08;98,2
2017-10-09;98,7
2017-10-10;99,2
2017-10-11;99,6
2017-10-12;99,9
2017-10-13;100,1
2017-10-14;100,2
2017-10-15;100,3
2017-10-16;100,5
2017-10-17;100,7
2017-10-18;100,7
2017-10-19;100,2
2017-10-20;99,2
2017-10-21;97,9
2017-10-22;96,8
2017-10-23;95,8
2017-10-24;95,2
2017-10-25;94,6
2017-10-26;94
2017-10-27;93,6
2017-10-28;93,3
2017-10-29;93,2
2017-10-30;93,3
2017-10-31;93,5
2017-11-01;93,8
2017-11-02;94,1
2017-11-03;94,3
2017-11-04;94,7
2017-11-05;95,2
2017-11-06;95,8
2017-11-07;96,6
2017-11-08;97,4
2017-11-09;98,1
2017-11-10;98,6
2017-11-11;99
2017-11-12;99,8
2017-11-13;100,6
2017-11-14;101,4
2017-11-15;102,2
2017-11-16;103
2017-11-17;103,9
2017-11-18;105,2
2017-11-19;106,9
2017-11-20;108,5
2017-11-21;110
2017-11-22;111,4
2017-11-23;112,7
2017-11-24;113,9
2017-11-25;115,1
2017-11-26;116,2
2017-11-27;117,2
2017-11-28;118,1
2017-11-29;119,1
2017-11-30;119,8
2017-12-01;120,4
2017-12-02;121
2017-12-03;121,4
2017-12-04;122
2017-12-05;122,7
2017-12-06;123,6
2017-12-07;124,6
2017-12-08;125,7
2017-12-09;126,7
2017-12-10;128,2
2017-12-11;129,7
2017-12-12;131,2
2017-12-13;132,4
2017-12-14;133,3
2017-12-15;133,9
2017-12-16;134,4
2017-12-17;135,5
2017-12-18;137,3
2017-12-19;139,7
2017-12-20;142,8
2017-12-21;147,3
2017-12-22;153
2017-12-23;159,7
2017-12-24;167,6
2017-12-25;176,2
2017-12-26;183,4
2017-12-27;187,9
2017-12-28;189,2
2017-12-29;187,9
2017-12-30;184,5
2017-12-31;180
2018-01-01;175,4
2018-01-02;170,7
2018-01-03;166,7
2018-01-04;163,1
2018-01-05;159,6
2018-01-06;156,2
2018-01-07;153,3
2018-01-08;150,7
2018-01-09;148,8
2018-01-10;147,7
2018-01-11;147,1
2018-01-12;146,3
2018-01-13;145,7
2018-01-14;145
2018-01-15;144,7
2018-01-16;144,6
2018-01-17;144,6
2018-01-18;144,5
2018-01-19;144,3
2018-01-20;143,8
2018-01-21;143,2
2018-01-22;142,8
2018-01-23;142,5
2018-01-24;141,9
2018-01-25;140,3
2018-01-26;138,2
2018-01-27;136
2018-01-28;134
2018-01-29;132,4
2018-01-30;131,8
2018-01-31;131,7
2018-02-01;131,6
2018-02-02;131,6
2018-02-03;131,1
2018-02-04;130,7
2018-02-05;130,5
2018-02-06;130,4
2018-02-07;130,2
2018-02-08;129,9
2018-02-09;129,1
2018-02-10;128,4
2018-02-11;127,5
2018-02-12;127,4
2018-02-13;127,6
2018-02-14;127,9
2018-02-15;128,3
2018-02-16;128,5
2018-02-17;128,3
2018-02-18;128,1
2018-02-19;128
2018-02-20;128
2018-02-21;127,9
2018-02-22;127,3
2018-02-23;126,2
2018-02-24;124,5
2018-02-25;122,8
2018-02-26;121,5
2018-02-27;120,8
2018-02-28;120,5
2018-03-01;120,6
2018-03-02;120,8
2018-03-03;121,2
2018-03-04;121,7
2018-03-05;122,3
2018-03-06;123,3
2018-03-07;124,2
2018-03-08;125
2018-03-09;125,5
2018-03-10;125,6
2018-03-11;125,4
2018-03-12;125,2
2018-03-13;124,9
2018-03-14;124,3
2018-03-15;123,5
2018-03-16;122,6
2018-03-17;121,9
2018-03-18;121,3
2018-03-19;120,8
2018-03-20;120,7
2018-03-21;120,8
2018-03-22;120,9
2018-03-23;120,7
2018-03-24;120,3
2018-03-25;119,9
2018-03-26;119,7
2018-03-27;119,7
2018-03-28;119,9
2018-03-29;120,2
2018-03-30;120,3
2018-03-31;120,2
2018-04-01;120,1
2018-04-02;120,2
2018-04-03;120,4
2018-04-04;120
2018-04-05;119
2018-04-06;117,6
2018-04-07;116,5
2018-04-08;115,5
2018-04-09;115
2018-04-10;114,8
2018-04-11;114,6
2018-04-12;114
2018-04-13;112,8
2018-04-14;111,4
2018-04-15;109,8
2018-04-16;108,2
2018-04-17;106,7
2018-04-18;105,1
2018-04-19;103,6
2018-04-20;102,1
2018-04-21;100,9
2018-04-22;100,1
2018-04-23;99,7
2018-04-24;99,5
2018-04-25;99,5
2018-04-26;99,4
2018-04-27;99,1
2018-04-28;98,9
2018-04-29;98,9
2018-04-30;98,5
2018-05-01;98,2
2018-05-02;97,8
2018-05-03;97,3
2018-05-04;96,8
2018-05-05;96,3
2018-05-06;95,9
2018-05-07;95,9
2018-05-08;96
2018-05-09;96,1
2018-05-10;96
2018-05-11;96
2018-05-12;95,8
2018-05-13;95,5
2018-05-14;95,3
2018-05-15;95
2018-05-16;94,8
2018-05-17;94,3
2018-05-18;93,7
2018-05-19;93
2018-05-20;92,3
2018-05-21;91,4
2018-05-22;90,6
2018-05-23;89,7
2018-05-24;99,8
2018-05-25;101,6
2018-05-26;102,9
2018-05-27;103,7
2018-05-28;104,4
2018-05-29;104,9
2018-05-30;105
2018-05-31;105,3
2018-06-01;105,6
2018-06-02;105,6
2018-06-03;106,4
2018-06-04;107,5
2018-06-05;108,6
2018-06-06;109,5
2018-06-07;109,7
2018-06-08;109,6
2018-06-09;109,5
2018-06-10;109,7
2018-06-11;110,1
2018-06-12;110,7
2018-06-13;111,7
2018-06-14;112,7
2018-06-15;113,9
2018-06-16;114,9
2018-06-17;115,4
2018-06-18;115,9
2018-06-19;116
2018-06-20;115,8
2018-06-21;115,6
2018-06-22;115,3
2018-06-23;114,9
2018-06-24;114,7
2018-06-25;114,8
2018-06-26;114,9
2018-06-27;115,2
2018-06-28;115,6
2018-06-29;116
2018-06-30;116,4
2018-07-01;102,6
2018-07-02;103,7
2018-07-03;104,8
2018-07-04;105,9
2018-07-05;107
2018-07-06;108
2018-07-07;108,6
2018-07-08;109,1
2018-07-09;109,7
2018-07-10;110,5
2018-07-11;111,2
2018-07-12;111,7
2018-07-13;111,8
2018-07-14;112
2018-07-15;112,2
2018-07-16;112,9
2018-07-17;113,8
2018-07-18;114,2
2018-07-19;114,3
2018-07-20;114,5
2018-07-21;114,8
2018-07-22;115,1
2018-07-23;115,3
2018-07-24;115,4
2018-07-25;115,1
2018-07-26;114,3
2018-07-27;113,6
2018-07-28;113
2018-07-29;113,2
2018-07-30;113,4
2018-07-31;113,4
2018-08-01;113,4
2018-08-02;113,5
2018-08-03;113,5
2018-08-04;113,8
2018-08-05;114,2
2018-08-06;114,5
2018-08-07;114,3
2018-08-08;113,5
2018-08-09;112,6
2018-08-10;111,8
2018-08-11;111
2018-08-12;109,9
2018-08-13;109,1
2018-08-14;108,5
2018-08-15;107,8
2018-08-16;106,5
2018-08-17;105,2
2018-08-18;104,2
2018-08-19;103,6
2018-08-20;103,9
2018-08-21;104,2
2018-08-22;104,2
2018-08-23;103,8
2018-08-24;103,3
2018-08-25;102,5
2018-08-26;101,4
2018-08-27;100,7
2018-08-28;100,3
2018-08-29;99,8
2018-08-30;99,5
2018-08-31;99,3
2018-09-01;99,2
2018-09-02;99,3
2018-09-03;100
2018-09-04;100,6
2018-09-05;101
2018-09-06;101,2
2018-09-07;101,6
2018-09-08;102,1
2018-09-09;102,9
2018-09-10;103,5
2018-09-11;103,7
2018-09-12;103,7
2018-09-13;103,3
2018-09-14;102,7
2018-09-15;102,4
2018-09-16;102,2
2018-09-17;101,9
2018-09-18;102
2018-09-19;102
2018-09-20;102,2
2018-09-21;102,2
2018-09-22;101,8
2018-09-23;101,3
2018-09-24;100,5
2018-09-25;99,8
2018-09-26;99,1
2018-09-27;98,6
2018-09-28;98,5
2018-09-29;98,7
2018-09-30;98,9
2018-10-01;99,3
2018-10-02;99,8
2018-10-03;100,4
2018-10-04;101,2
2018-10-05;102
2018-10-06;102,2
2018-10-07;102,3
2018-10-08;102,5
2018-10-09;102,6
2018-10-10;102,5
2018-10-11;102,5
2018-10-12;102,5
2018-10-13;102,7
2018-10-14;102,9
2018-10-15;103,2
2018-10-16;103,8
2018-10-17;104,1
2018-10-18;103,8
2018-10-19;102,8
2018-10-20;101,5
2018-10-21;100,1
2018-10-22;98,9
2018-10-23;98,1
2018-10-24;97,3
2018-10-25;96,6
2018-10-26;96
2018-10-27;95,5
2018-10-28;95,1
2018-10-29;95
2018-10-30;95,2
2018-10-31;95,4
2018-11-01;95,8
2018-11-02;96,1
2018-11-03;96,8
2018-11-04;97,7
2018-11-05;98,3
2018-11-06;98,9
2018-11-07;99,4
2018-11-08;100
2018-11-09;100,8
2018-11-10;101,5
2018-11-11;102,6
2018-11-12;104
2018-11-13;105,3
2018-11-14;106,3
2018-11-15;106,4
2018-11-16;105,8
2018-11-17;104,8
2018-11-18;103,5
2018-11-19;102,2
2018-11-20;100,9
2018-11-21;100
2018-11-22;99,3
2018-11-23;99,2
2018-11-24;99,6
2018-11-25;100,2
2018-11-26;100,9
2018-11-27;101,5
2018-11-28;102,1
2018-11-29;102,5
2018-11-30;102,7
2018-12-01;102,8
2018-12-02;102,9
2018-12-03;103,2
2018-12-04;103,7
2018-12-05;104,2
2018-12-06;104,5
2018-12-07;104,5
2018-12-08;104,4
2018-12-09;104,5
2018-12-10;104,8
2018-12-11;105,4
2018-12-12;105,9
2018-12-13;106,2
2018-12-14;106,4
2018-12-15;106,5
2018-12-16;106,8
2018-12-17;107,4
2018-12-18;108,6
2018-12-19;110,1
2018-12-20;112,5
2018-12-21;116
2018-12-22;120,8
2018-12-23;126,5
2018-12-24;132,8
2018-12-25;138,4
2018-12-26;142,6
2018-12-27;144,9
2018-12-28;144,8
2018-12-29;142,7
2018-12-30;139,8
2018-12-31;136,9
2019-01-01;134,5
2019-01-02;132
2019-01-03;129,4
2019-01-04;126,9
2019-01-05;124,7
2019-01-06;122,9
2019-01-07;121,7
2019-01-08;121
2019-01-09;120,7
2019-01-10;120,7
2019-01-11;120,7
2019-01-12;120,8
2019-01-13;121,2
2019-01-14;121,6
2019-01-15;122,2
2019-01-16;122,9
2019-01-17;123,5
2019-01-18;124,4
2019-01-19;125
2019-01-20;125,5
2019-01-21;125,8
2019-01-22;126,1
2019-01-23;126,6
2019-01-24;127
2019-01-25;127,1
2019-01-26;126,8
2019-01-27;126,5
2019-01-28;126,6
2019-01-29;126,8
2019-01-30;126,7
2019-01-31;126,1
2019-02-01;125,2
